user_id,name,posts,followers,following,PVT,date_joined,former_usernames
abagael.taylor,AbagaelğŸ’,42,"1,813","1,540",False,January 2019,1
abagael___,abby,1,4,4,False,May 2015,
apbagael,Abagael,8,46,207,False,July 2024,1
knabagael,Abagael,20,87,408,False,October 2023,1
artagael,Abagael West,20,112,291,False,August 2017,
abigailhaleym,Abigail Haley,128,205K,488,False,August 2020,
abigail_lutz3,Abigail Lutz,120,30.8K,1,False,May 2024,2
abigaillutz,Abigail Lutz,164,84.4K,369,False,December 2017,1
abigailvaldiviafernandez,Abigail Valdivia Fernandez,"42,501",493K,318,False,March 2017,3
abigailratchford,âš¡ï¸ A R âš¡ï¸,159,9M,498,False,August 2012,
abbiecornish,Abbie Cornish,269,353K,,False,March 2012,
abbeysarahsingh,Abbey Singh,503,194K,758,False,September 2014,
themodernsinghs,The Modern Singhs | Money & Abbey Singh,779,415K,380,False,February 2019,
abbeyyung,Abbey Yung,677,632K,948,False,March 2012,
abbeer.ald,Abbeer Lal Debb,5,177,169,True,April 2017,2
abbeysarahsingh,Abbey Singh,503,194K,758,False,September 2014,
themodernsinghs,The Modern Singhs | Money & Abbey Singh,779,415K,380,False,February 2019,
abbeys_playset_rental,Abbeys Play Set Rental,"1,623",17K,"2,255",False,July 2018,2
abbeypuppey,Abigail (Abbey) Tan,373,70.1K,874,False,August 2013,8
abbeyyung,Abbey Yung,677,632K,948,False,March 2012,
abbii.krish,Abbii Krish,823,844K,602,False,March 2016,3
abbisummers,Abbi Grace Summers,460,57.9K,"1,348",False,June 2012,
abby_bhati,AÃŸÃŸY,39,43.3K,237,False,May 2018,
abbyryderfortson,Official-Abby Ryder Fortson,522,65.5K,613,False,February 2016,
abbyboomofficial,Abby Boom,201,698K,498,False,July 2012,4
abbiecornish,Abbie Cornish,269,353K,,False,March 2012,
abbieherbert_,Abbie Herbert,"1,935",2.3M,"1,015",False,February 2012,
makeyourstorymatter,Abbie Emmons,920,40.3K,529,False,May 2015,1
abbiemaleyfit,Abbie Maley,156,25.7K,365,False,October 2021,
abbie.ensign,Abbie Ensign,"1,424",226K,"1,810",False,May 2013,1
abby_bhati,AÃŸÃŸY,39,43.3K,237,False,May 2018,
abbyryderfortson,Official-Abby Ryder Fortson,522,65.5K,613,False,February 2016,
abbyboomofficial,Abby Boom,201,698K,498,False,July 2012,4
abigail.donnelly,abby,201,197K,884,False,January 2014,
abby,Abby Pollock,915,764K,718,False,October 2012,
abigael_adingra,AbigaÃ«l,0,"1,000",427,False,June 2021,3
abigael_zoe,Jack^^,5,770,427,False,March 2021,6
abileeboivin,Abigael Boivin,83,154K,808,False,January 2019,
abigae.l,âœ© ğ™°ğš‹ğš’ğšğšŠğšğš• âœ©,35,"2,003",648,True,November 2014,
abigael_gauthier,Abigael gauthier,10,"2,336",863,False,August 2016,3
abigail_pande,Abby :)),"3,262",497K,"1,987",False,February 2013,
abby_villa20,Abigail Mancia,45,408K,115,False,November 2019,
abigail.donnelly,abby,201,197K,884,False,January 2014,
abigail_lutz3,Abigail Lutz,120,30.8K,1,False,May 2024,2
abigailratchford,âš¡ï¸ A R âš¡ï¸,159,9M,498,False,August 2012,
abigail_pande,Abby :)),"3,262",497K,"1,987",False,February 2013,
abigailhaleym,Abigail Haley,128,205K,488,False,August 2020,
abigail_lutz3,Abigail Lutz,120,30.8K,1,False,May 2024,2
abigailvaldiviafernandez,Abigail Valdivia Fernandez,"42,501",493K,318,False,March 2017,3
abigailratchford,âš¡ï¸ A R âš¡ï¸,159,9M,498,False,August 2012,
abraham.verghese.official,Abraham Verghese,365,27.4K,287,False,October 2013,3
abraz__2.0,Abraz,10,"2,213",86,False,August 2021,3
_abradeep_,Abradeep Saha,2,362,148,False,November 2022,
abraz.khan_91,Abraz I khan,"1,016",11M,131,False,November 2016,
abrarqazi47,Abrar Qazi,460,561K,193,False,May 2013,
acaciakersey,Cacia ğ“†,287,1.8M,285,False,March 2012,
__acacia_sparks__,Shreya,726,46.4K,325,False,April 2017,4
acacia,ACACIA,"6,388",388K,999,False,October 2011,
acacia_ferns,Acacia FernandesğŸ§¿ğŸŒ¸,146,272,313,True,September 2016,3
acaciaillinois,Acacia Fraternity | UIUC,112,"1,613",509,False,October 2018,5
adxrsh__,Adarsh Chaurasia,5,"1,877","1,203",True,January 2017,
adarshkumarsingh9798,Adarsh kumar singh,1,75,166,True,January 2022,2
adarsh_ady_,Adarsh,16,134,128,True,December 2014,
gautam.adani,Gautam Adani,51,896K,5,False,September 2018,
adah_ki_adah,Adah Sharma,"2,847",9.7M,768,False,May 2015,
adahpathankot,Adah by Ritu sharma,231,941,26,False,March 2023,
adah_ki_adah_12,adah____hi adah fan page,523,114,10,False,November 2023,2
adha_ki_gallery,Adah's Galleryâœ¨â¤ï¸,32,560,14,False,March 2024,
adah_ki_radha,Radha Sharma,580,269K,2,False,March 2019,1
adah_ki_adah,Adah Sharma,"2,847",9.7M,768,False,May 2015,
_adaline__e,Adaline,49,401,466,True,March 2017,1
adaline__rob,Adaline,44,"1,306","1,386",False,July 2021,
ageofadaline,Age Of Adaline,252,25.2K,"5,378",False,September 2014,
adalinesutfin,Adaline Sutfin,3,843,810,False,March 2020,
adalinedubai,Adaline,34,10.9K,14,False,May 2023,1
_adara_studio,"Adara Studio | Art workshops, corporate events & DIY kits",743,"4,659",905,False,October 2016,5
adara_lee1,adara,267,116K,178,False,August 2022,
adara_kbeautyclinic_academy,Adara K Beauty Clinic,"1,806",51.2K,"1,875",False,February 2020,3
adarash_king_02,Adarsh â¤ğŸ¤ŸğŸ˜,29,265,54,False,November 2023,3
adarahofficial,ADARAH INDIA,704,"9,542","1,349",False,May 2020,13
addiee.xo__,ğŸ«¶ğŸ»ğŸª,45,110,60,False,November 2021,2
addie_mccracken123,Addie McCracken,303,6.3M,188,False,March 2016,1
addiesdivewatches,ADDIESDIVEÂ®,144,"6,719",88,False,June 2016,1
addie_x10,Ø§Ø¯ÛŒØ¨Û ÙØ±Ø­Ø§Ù† Ø®Ø§Ù†,36,"1,763",127,False,July 2022,
addie07_,âš¡ï¸Ø¢Ø¯ØªÛŒÛâš¡ï¸,82,"1,844",893,False,February 2022,2
addish_bourne,Addish Bourne,6,172,410,True,July 2017,1
addis_akkara,Addis Antony Akkara,361,103K,538,False,July 2016,
addskindness,addison rae updates,"1,941","5,524",109,False,November 2022,
addisonraee,Addison,113,34.2M,"1,832",False,February 2013,
addison.timlin,Addison Timlin,611,346K,"1,343",False,July 2016,
adel4tech,Adel4Tech,134,74.7K,55,False,October 2017,4
strikersbbl,Adelaide Strikers,"3,646",176K,157,False,August 2013,
_adel_brand,ĞĞ´ĞµĞ¶Ğ´Ğ° |ĞœĞ¸Ğ½Ğ¸ Ğ¦ĞµÑ… | Ğ‘Ğ¸ÑˆĞºĞµĞº| ĞÑ‚ĞµĞ»ÑŒĞµ,108,607,1,False,January 2022,2
adele,Adele,508,58.3M,1,False,October 2015,
adelsajan,Adel Sajan,952,201K,981,False,April 2012,
strikersbbl,Adelaide Strikers,"3,646",176K,157,False,August 2013,
adelag_official,Adela Guerra,189,656K,302,False,January 2022,
adeladadoll,adela,93,123K,183,False,March 2015,
adela.iq,Adela | Ø¦Û•Ø¯ÛÙ„Ø§,"3,457",198K,2,False,June 2022,3
adelajergova,ADÃ‰LA JERGOVÃ,191,161K,"1,248",False,July 2015,1
strikersbbl,Adelaide Strikers,"3,646",176K,157,False,August 2013,
adelaidekane,Adelaide Kane,183,1.9M,855,False,May 2012,
adelaideoval,Adelaide Oval,"2,588",44.5K,249,False,October 2013,
cityofadelaide,City of Adelaide,"1,798",92.2K,393,False,November 2012,
uniofadelaide,University of Adelaide,"2,176",77.5K,496,False,August 2012,
_adele_forever__,Adele,298,"2,418",40,False,September 2024,5
adele,Adele,508,58.3M,1,False,October 2015,
isabela.adele,isabela lopez,297,42.2K,689,False,March 2021,8
adele.maina,,359,474K,671,False,February 2018,3
adelegrisoni,AdeÌ€le Grisoni,226,770K,840,False,October 2011,
adelice_evelin,Adelice Ã‰velin,77,21.8K,"2,543",True,July 2012,
adelice_xoxo,Alicesii Khaobviimai,13,"1,579",983,False,September 2019,
adelice___,AğŸ‘‘,1,"1,242",629,True,September 2021,2
adelice.kitu,ğ“ğ“­ğ“®ğ“µğ“²ğ“¬ğ“®,8,527,254,True,May 2020,3
emadelicec,EM Adelice Cavalcante,475,"1,365",72,False,December 2016,
adelina.daraban,Adelina Daraban Rusu,70,408K,15,False,February 2013,
adelina.st__,,50,"2,044",332,False,April 2023,
_adelinastrasser,Adelina ğŸ¦‹,122,559,319,False,September 2022,1
adelinamanaut,Adelina Manaut,448,866K,962,False,September 2018,
adelina_rodriguez_,Adelina,10,"9,451",619,False,May 2017,2
ed.adeline_fan,adeline_armyğŸ’—,17,"2,813",3,False,April 2021,4
haunting_adeline__,Haunting adeline,95,"2,077",39,False,September 2023,1
adelineculcescu,Adeline Culcescu,37,"1,595",428,True,July 2020,4
adelinerudo,Adeline Rudolph,96,529K,"1,080",False,March 2014,
adelinepach,Adeline Pachuau,900,216K,"1,737",False,May 2012,
haunting_adeline__,Haunting adeline,95,"2,077",39,False,September 2023,1
adeline_james_08,Adeline james â™ï¸,147,"2,330",530,False,July 2020,
adeline_aire,Adeline,137,"1,021",327,False,April 2024,2
adeline_.reilly__,á¯“á¡£ğ­©ğ™ğ™©âœ°ğ™§ğ™œğ™ğ™§ğ™¡,27,11.5K,70,False,March 2024,
adelinepach,Adeline Pachuau,900,216K,"1,737",False,May 2012,
adellashimonaa,Adella Shimona,15,125,162,False,April 2024,7
adellamajaw,ğ’œğ’¹ğ‘’ğ“ğ“ğ’¶,184,"1,140","1,274",True,April 2014,
difarina.adella,Difarina Indra,617,"5,936",33,False,May 2023,2
___.adella_,à¤¸à¤®à¤¾à¤¯à¤°à¤¾ ğŸ„,14,172,187,True,September 2020,1
adella_rezaie_offlcial,Adella Rezaie,154,62.8K,40,False,October 2021,
adellearbid,Adelle ArbidğŸ’,229,20.3K,440,False,August 2016,1
iiam_adelle,ğŸ‘¸ğŸ».,16,"7,897","1,078",False,July 2022,4
sunlight._.cos,ğ’œğ’¹â„¯ğ“ğ“â„¯,8,502,126,False,August 2022,3
adelle_crb,Adelle,19,11.5K,"1,075",False,February 2020,
adellespeck2026,Adelle Speck,65,"1,744","1,549",True,August 2020,6
fr.adena,Adena Franceschini,147,"1,573",975,True,October 2021,1
adena_____,ğ•¬ğ•¯ğ•°ğ•¹ğ•¬ğŸ£ğŸï¸,68,"7,798",272,False,July 2021,
adenapersaud,Adena Persaud,24,"2,141",994,False,June 2012,
valen_adena,Valen,11,"2,638",671,False,August 2018,
ad__e__na,~ A D E N A ~,25,27,45,False,January 2025,1
karim_adeyemi,â€˜â€™Karim Adeyemiâ€˜â€˜,152,1.5M,289,False,January 2014,
friends_of__nature_,A.dey (â â€¢â â€¿â â€¢â ),23,67,53,True,October 2023,1
adeyloli1,Lolypink,118,"1,090",3,False,July 2023,2
theadeyfieldacademy,The Adeyfield Academy,736,621,88,False,October 2021,
vishwanath___adey,Vishwanata Adey,111,"3,824",238,False,May 2021,2
__adrina_,Dharitri,3,235,84,True,March 2020,1
adisharmaax,Aditya Sharma,56,780,714,False,January 2019,1
adi.ver.29,Adi,17,114,118,False,November 2015,9
aditittomar,aditi tomar,2,104,358,True,October 2022,
aditimistry2607,Aditi Mistry,479,3.2M,184,False,April 2018,
olivarez9680,Adriana Olivarez,404,87.5K,33,False,July 2024,
adrianalima,Adriana Lima,19,19.7M,870,False,February 2013,
adrianaolivarezofmx,,148,1.3M,56,False,April 2024,3
adriana________8,ADRIANA CARLENE,77,"8,835",405,False,September 2017,
adriana.c8,Adrianaâ¤ï¸,264,496K,7,False,August 2018,1
adina_fdes1230,ğ•„ğ•†ğ•ƒğ•ƒğ•â™Œ,30,941,235,False,March 2023,2
adinathkothare,Addinath M Kothare,"1,928",592K,"1,323",False,October 2013,
adinath.english.medium.school,ğ€ğƒğˆğğ€ğ“ğ‡ ğ„ğğ†ğ‹ğˆğ’ğ‡ ğŒğ„ğƒğˆğ”ğŒ ğ’ğ‚ğ‡ğğğ‹ ğŒğ€ğ‹ğ„ğ†ğ€ğğ,30,827,,False,January 2025,
adina_adhikari,Adina Adhikari,"1,744",613K,76,False,August 2018,
adinaaa_noor,Adina Noor,121,633,398,False,April 2021,1
adorable_wear_by_supriya,Supriya Gauniyal,192,51K,75,False,December 2020,
adorable.exoo,ğ°ğğšğ«ğğ¨ğ§ğğ„ğ—ğ ğŸ‘‘,"31,744",112K,95,False,March 2018,
adora_black_,Adora Black ğŸ«¦,216,11.8K,"4,057",False,March 2018,2
_triple_adorable_00,ğŸ’›ğŸ’›ğŸ’›,9,37,61,True,April 2020,10
secret_adorable05,Bhumika Anand,"1,700",26K,10,False,May 2021,
adorebypriyanka,Adorebypriyanka,"1,722",457K,"2,186",False,January 2019,
adore_ms77,Dr. Muskan,"1,001","2,108",231,False,November 2018,
adore_bls,ğŸ¥¦ğ‘ğ-ğ•ğšğ¦ğ©ğŸ³ï¸â€ğŸŒˆğŸŒˆ,345,18.9K,162,False,March 2021,5
adore.arshreet,arshreetâ™¡,722,38.1K,23,False,June 2022,8
adore_fashion_boutique,ADORE BOUTIQUE,393,"3,291",49,False,December 2019,2
adoreen_kharumnuid,ğŸ¦‹_ADOREEN_ğŸ¦‹,51,"1,965","1,477",True,December 2018,
adoreejaipurindia,you deserve the best !!!,85,723,4,False,February 2021,4
adoree.ml,Rinn Adores.,322,"3,137",593,False,February 2020,7
adoree_nails_,Tulsi Rohra | Nail Tech,103,733,706,False,March 2022,2
adoree.parikadon,Parika,7,841,618,True,October 2021,
adornedbyzeena,Zeena Kutwani,452,"8,446",570,False,July 2014,4
adorne_exquisitejewels,ADORNÃ‰,78,"3,496",55,False,March 2024,
adorne_makeover,adorne makeover by Sujala Athin,4,348,303,False,April 2017,1
adorne_designer,Adorne Designers,518,"5,856",,False,October 2023,
heyadorne,ADORNE,16,75,,False,October 2024,
andreakevichusa,CarolAndrea Kevichusa,180,161K,779,False,February 2015,
andrea_subotic,Andrea Subotic,321,1M,593,False,December 2013,
andrealopez,Andrea Lopez,422,923K,"2,281",False,April 2013,1
therealandreajeremiah,Andrea Jeremiah,"1,737",3.4M,,False,April 2015,
andreaespadatv,Andrea Espada,"1,488",6.2M,296,False,November 2011,
a.luna21,Adrian Luna,154,688K,844,False,October 2017,
adriaarjona,Adria Arjona,648,1.3M,847,False,November 2011,
adriatique,Adriatique,721,767K,"1,000",False,July 2011,
adrianalima,Adriana Lima,19,19.7M,870,False,February 2013,
adriana________8,ADRIANA CARLENE,77,"8,835",405,False,September 2017,
tineadriaens,Tine Adriaens,"3,469","3,760","1,332",False,January 2013,
paspiselli2018,Pascale ADRIAENS,503,97,883,False,May 2018,
adriaenx3,Adriaen âš§ï¸ (she/her),46,"1,141",152,False,June 2016,
silke_adriaens,,7,681,423,False,July 2019,
adriaen_smoljimenea20,Adrian Causing Jimenea,15,273,813,True,March 2021,5
a.luna21,Adrian Luna,154,688K,844,False,October 2017,
adrianalima,Adriana Lima,19,19.7M,870,False,February 2013,
adrianbliss,Adrian Bliss,212,1.9M,77,False,October 2016,1
adriana________8,ADRIANA CARLENE,77,"8,835",405,False,September 2017,
adrianmannarino,Adrian Mannarino,244,41.7K,241,False,December 2013,
a.luna21,Adrian Luna,154,688K,844,False,October 2017,
adriana.almeida2024,Vereadora ProfÂª Adriana Almeida,"3,054",14.7K,"3,926",False,July 2016,2
adriana_music_official,âœ¨ A D R I A N A âœ¨,537,14.6K,"3,281",False,November 2012,
adriana________8,ADRIANA CARLENE,77,"8,835",405,False,September 2017,
adrian_portelli,Adrian Portelli,211,468K,600,False,April 2014,
galisteuoficial,Adriane Galisteu,"11,870",6.1M,"6,056",False,September 2011,
anne_oliveira1985,Adriane Oliveira,53,"5,539","2,689",False,November 2013,1
adrianevaccari_,Adriane Vaccari,114,729,830,True,February 2014,1
adrigaertner,ADRIANE GAERTNER,274,21K,"2,869",False,December 2015,
adrianettka,ğ€ğƒğ‘ğˆğ€ğğ„,108,87K,"1,151",False,October 2019,7
adrianna.daniela,,2,939,592,False,April 2017,
adrianna_nora,Adrianna Nora,206,12.1K,"1,133",False,March 2012,
itsadriannnna,Adrianna Aloni,420,69.4K,"1,601",False,July 2018,3
,,,,,True,,
adanadujour,Adrianna,41,952,474,False,May 2024,
adriannelenker,adrianne lenker,566,415K,518,False,May 2018,1
adriannepalicki,Adrianne Palicki,248,321K,286,False,September 2016,1
_longtonguelewis,Adrianne Lewis,21,"7,537",43,False,April 2022,
adrianne_oliveirra,Adrianne Oliveira,"1,767",64.9K,"5,439",False,March 2015,
adriannevasconcelos,Adrianne Jacques,240,998,"2,045",False,May 2013,
adrienbrody,Adrien Brody,694,1.7M,,False,August 2014,
agrestexnoiir,Adrien Agreste,60,16.9K,58,False,September 2024,1
adriennejdavis,Adrienne Davis,662,142K,"1,141",False,February 2014,
agdesignn__,Adrien | Graphic designer,14,"3,495",228,False,December 2021,1
adrienagrestebland,Adrien Agreste,79,94K,59,False,February 2022,2
adriena_pecinova,Khora Movement School Europe,387,28.5K,5,False,July 2015,
agrestexnoiir,Adrien Agreste,60,16.9K,58,False,September 2024,1
adrienbroner,Adrien AB Broner,40,1.2M,"2,681",False,April 2012,
adries.style,adrienneğŸ°â‹†Ëš à¼˜ *,146,213K,354,False,January 2023,1
adrienagrestebland,Adrien Agreste,79,94K,59,False,February 2022,2
earthiangel,Adrienne,77,478K,"1,125",False,October 2013,
adriennejdavis,Adrienne Davis,662,142K,"1,141",False,February 2014,
adrienneiapalucci,adrienne iapalucci,962,46.3K,"2,501",False,December 2012,
areena.academy,Adrienne Rich,405,"1,195",493,False,November 2019,1
adriennebailon,Adrienne Eliza Bailon-Houghton,"4,266",5.7M,"1,602",False,August 2011,
_.aeriel,ğŸ’‹,0,"6,252","4,924",False,September 2013,4
aeriel,Aeriel Garcia - Sugui,533,640K,612,False,March 2014,
aerieljan_tolentino,Aeriel Jan Estacio Tolentino,6,"5,106",5,False,March 2024,
aerielzane,Aeriel â¦,54,"2,681",871,False,March 2013,
eclipwze_1090,ğ“ğ“®ğ“»ğ“²ğ“®ğ“µâœ§,9,222,328,False,September 2020,10
aeriela5_santana,Aeriela Santana,20,73,278,False,February 2024,1
aerielathornton,Aeriela Thornton,413,"4,463","2,399",False,March 2012,
datingusanewyork,Aeriela White,6,393,215,False,April 2017,1
itss_aeri,Aeriela Brady,2,927,"1,311",False,December 2018,1
aeriela_23,Subarna Kirtaniya,647,814,744,False,October 2016,2
agrnyel,aerielle anne,8,"1,166",489,False,October 2016,
aeriell___,,1,353,558,False,November 2024,
clarenceaeriell,aeriell â‹†ğ™šâ‚ŠËšâŠ¹â™¡,42,"1,100",577,False,March 2015,8
__aeriell,Aeriell Bryana,513,"1,050","2,317",False,July 2014,3
aeriellconsul,aeriell,25,"1,102",295,False,October 2016,1
jiyaaggarwal99,jiya aggarwalâ™ ï¸,16,105,105,True,September 2022,
nipunaggarwal2508,ğğˆğğ”ğ ğ€ğ†ğ†ğ€ğ‘ğ–ğ€ğ‹ âœ¨,297,"1,043",837,False,April 2016,3
ag_rajput07,ğ€ğ‘ğ˜ğ€ğ ğ†ğ”ğ‹ğ„ğ‘ğˆğ€,99,293,281,True,November 2020,
kartik.aggarwaal,Kartik Aggarwal,27,"1,042","1,250",False,May 2021,1
ogni___,Agnirima Bedagga,29,"1,215",363,False,January 2017,
agacessorios_2250,Xiaomi ğŸ“±Apple ğŸ“± Samsung ğŸ“± Motorola,830,12.8K,"7,293",False,April 2018,3
agaceylanilkokulu,AÄŸa Ceylan Ä°lkokulu,"2,868","1,869",18,False,April 2020,3
aga___ce,Aga Ce,225,397,"1,068",False,March 2013,3
_agace,HÆÅŠRá»ŠQUÆ,6,662,465,False,November 2015,
agacevkadikoy,AÄŸaÃ§ Ev KadÄ±kÃ¶y,"5,860",37.9K,758,False,December 2015,1
agataisabelva,Agata Isabella Centasso,"1,020",83.9K,"1,261",False,January 2013,
agataliving,Agata Living By Virendra & Co.Â®,273,"3,181",17,False,July 2017,3
ja.gata_sitko,Agata Sitko,193,39.9K,411,False,October 2021,2
agata.wendorff,Agata Wendorff,269,45.5K,684,False,January 2016,
fagataaa,AGATA FAÌ¨K,660,1.8M,434,False,May 2014,
,,,,,True,,
officialagathachristie,Agatha Christie Ltd,"3,341",207K,"6,978",False,January 2015,
agatha.reels,Agatha ğŸ˜‰ğŸ’‹,"3,549",58.7K,8,False,January 2019,2
agatha_froes,Agatha FrÃ³es,3,22.3K,13,False,January 2025,
agatha,Agatha Braga,"6,427",1M,548,False,August 2012,
agathesorlet,Agathe Sorlet,"1,649",930K,544,False,February 2016,
agathern,Agathe Renou,145,166K,579,False,December 2013,
agathe.srl,,50,"1,164",321,False,May 2014,
__agathe_._,agathe,244,141K,438,False,June 2021,2
agajaf,Agathe,63,445,213,False,February 2015,
aggipetti_macha_videos,á´€É¢É¢Éª á´˜á´‡á´›á´›Éª á´á´€á´„Êœá´€,47,34.9K,3,False,October 2022,5
aggipettimacha_mawa,Aggi Petti Macha Mawa,133,69K,18,False,April 2023,7
aggi_petta_macha_006,à°…à°—à±à°—à°¿ à°ªà±†à°Ÿà±à°Ÿ à°®à°šà±à°šğŸ«¡ğŸ¤™âš¡,61,355,3,False,August 2024,5
aggi_petta_macha_39,trolls mawa ğŸ˜…,608,39.8K,84,False,December 2023,2
aggipetti_macha_official_,á´€É¢É¢Éªá´˜á´‡á´›á´›Éª á´á´€á´„Êœá´€ ğŸ”¥,341,130K,9,False,March 2024,
aggie,AGGIE âœ¨ your biohacking bestie,"3,360",1.1M,"2,756",False,March 2015,
aggie_lizbeth,Aggie Cyriac,16,141,"4,256",True,May 2023,3
mu_theeuu,Aggieâ¤ï¸,1,"2,195",574,False,December 2017,3
aggieprakash.exe,Agrim Prakash,589,26.2K,697,False,January 2021,
aggiesuits,Aggie SUITS,104,"1,860",502,False,April 2017,
_aggy._.x09,ğ€ ğ ğ† ğ€ ğƒ â¤ï¸â€ğŸ©¹,45,"1,048",235,True,March 2021,2
b_crazy_aggy,Aggyâ™¥ï¸,439,535,390,False,December 2019,8
a_g_g_y_g,ğ€ğ ğ ğ² ğ†ğğ¨ğ«ğ ğ,103,"1,215","1,095",False,August 2020,
aggy.jr,Anmol Agarwal,52,822,742,False,March 2013,2
aggyshortvlogs,Aggy Short Vlogs,289,"1,247",33,False,July 2023,
agnesdenes,Agnes Denes,2,"4,855",7,False,April 2022,1
agne_bastiene,Blogger | AgnÄ— BastienÄ—,"1,905",30.6K,"1,304",False,June 2014,1
agneschen_mumbai,Agneschen_mumbai,187,"1,751","1,496",False,May 2019,
agnesobel,Agnes Obel,156,126K,454,False,September 2013,1
jscmila,Jessica Mila Agnesia,"2,027",25.8M,"2,058",False,June 2011,
agnella__,nella,32,"1,033","1,005",False,December 2011,7
agnellaabraham,Agnella Abraham,307,218,460,True,June 2014,
this_is_agnella,AGNELLA ğŸŒªï¸,71,"1,323",392,False,January 2013,1
agnella_terence0416,Agnella Terence,45,399,437,True,April 2017,3
_agnellah._,Agnella Susan Jacob,1,223,352,True,September 2022,5
agnes_jakhalu,Agnes,106,"7,069",617,False,July 2020,1
agnesdenes,Agnes Denes,2,"4,855",7,False,April 2022,1
agnesobel,Agnes Obel,156,126K,454,False,September 2013,1
agnesnicolee,Agnes ğŸ¦‹,776,88.1K,668,False,October 2012,1
jscmila,Jessica Mila Agnesia,"2,027",25.8M,"2,058",False,June 2011,
agnesedepasquale,Agnese De Pasquale,28,"1,461",143,True,March 2014,1
,,14,"2,241",198,True,December 2019,
agnese_chan_senpai,Agnese Ramazzotti,"1,093","2,195","1,013",False,May 2020,
life.of.agnese,Agnese Kindo | Travel & Lifestyle,556,"4,240","3,882",False,March 2020,2
agnesedaleka,Agnese,"1,071","1,005",354,False,June 2020,
agnesedepasquale,Agnese De Pasquale,28,"1,461",143,True,March 2014,1
,,14,"2,241",198,True,December 2019,
agnesemeirupska,Agnese Meirupska,77,599,684,True,August 2014,
life.of.agnese,Agnese Kindo | Travel & Lifestyle,556,"4,240","3,882",False,March 2020,2
agnesessarti,gne ğŸª,28,"2,037","1,114",False,June 2015,
agnet__lama,Agneta Lama,469,"4,254","1,028",False,February 2014,
ag.ne.ta,Agneta,128,574,354,True,May 2018,1
a_fiorellino,Agneta Ghose,543,806,"1,111",True,April 2012,1
agne_ta_,Agne Ta,334,368,417,False,November 2017,2
agnetashala,ğ”¸gneta Shala,4,347,356,True,November 2017,2
a.gnola_moevao,Agnola Moevao,2,83,150,True,April 2024,7
marta_dallagnola,Marta Dall'Agnola,"2,346","3,336","2,289",False,December 2011,
agnola_abraham_553,ğŸ€ ğ’œğ“ƒğ‘”ğ‘’ğ“ ğ’œğ’·ğ“‡ğ’¶ğ’½ğ’¶ğ“‚ ğŸ€,3,481,342,False,March 2022,1
agnola262_,Agnola,20,41,146,False,May 2020,1
_agnola,AGNOLA,837,964,12,False,February 2017,
agretha,Gretha Paiva,3,427,"1,849",True,November 2012,
agreytha_delarosa,Agretha Delarosa,20,86,373,False,December 2023,1
cagretha,Agretha Cecilia,0,65,1,False,July 2017,
retha4072,Agretha ceciliağŸŒ¸,4,81,185,True,July 2019,
ceciliaagretha,agretha cecilia,69,150,544,False,May 2017,
aida.looksaikongdin,Kullanat Yoohanngoh,222,459K,161,False,December 2017,1
aida.aat,AÃ¯da,99,10.1K,"1,027",False,October 2015,
aida_cruises,AIDA Cruises,"3,686",492K,300,False,July 2015,
aidanrgallagher,Aidan R Gallagher,"2,446",6.2M,315,False,July 2014,
aidaw_krimi,Ø¢ÛŒØ¯Ø§ Ú©Ø±ÛŒÙ…ÛŒ,145,217K,69,False,December 2017,1
aidansaide,Aidan Saide,640,378K,556,False,November 2021,4
aidanrgallagher,Aidan R Gallagher,"2,446",6.2M,315,False,July 2014,
aidan_golechha,Aidan golechha,"1,807",145K,125,False,November 2017,3
steelyaidan,Aidan kennedy,13,"1,658",765,False,February 2023,4
photographar_aidan_beniwal,Aidan beniwal,"1,828",10.7K,926,False,July 2021,1
aigvneist,Aigneis,13,24,669,False,November 2018,1
auigneis,Aigneis,20,58,207,False,May 2020,1
ahigneis,Aigneis,25,68,216,False,December 2023,1
aigneyxis,Aigneis,13,30,269,False,May 2024,1
aifgneis_schafersman,Aigneis Schafersman,5,49,150,False,June 2024,4
ailamkhan,Aila M Khan,639,"2,577","1,615",False,May 2016,
aila.mami,Aila,347,82.9K,"3,435",False,September 2023,
ailaughatmyownjokes,It's a me Silvia,318,1.4M,34,False,April 2018,1
aila.bux,aila.bux,160,33.8K,"4,903",False,September 2024,
aliabhaat_10,Aila Bhatt,84,58,169,False,November 2024,3
aileen_tarot,Ğ•Ğ»ĞµĞ½Ğ°ğŸŒ™ĞŸÑ€Ğ°ĞºÑ‚Ğ¸ĞºÑƒÑÑ‰Ğ¸Ğ¹ Ñ‚Ğ°Ñ€Ğ¾Ğ»Ğ¾Ğ³,"1,542",20.1K,1,False,January 2021,
_lifewith._.aileen,Aileen,34,17.8K,196,False,December 2023,
_._aileen_,AILEEN,74,623,723,True,February 2020,
aileeonline,á„‹á…¦á„‹á…µá†¯á„…á…µ,674,1.5M,446,False,September 2011,
ailetvdizi,Aile Dizi,"1,470",251K,47,False,July 2022,
aileemakesubs,ğ€ğ¢ğ¥ğğ,55,856,16,False,September 2024,
a.4ilee,aiLeeğŸ’—ğŸª accessories/candles/polaroids,289,"1,537","1,254",False,August 2021,1
aileenchristineee,Aileen Christine,991,638K,773,False,July 2018,
_._aileen_,AILEEN,74,623,723,True,February 2020,
aileeonline,á„‹á…¦á„‹á…µá†¯á„…á…µ,674,1.5M,446,False,September 2011,
aileenchristineee,Aileen Christine,991,638K,773,False,July 2018,
_._aileen_,AILEEN,74,623,723,True,February 2020,
_lifewith._.aileen,Aileen,34,17.8K,196,False,December 2023,
aileen_tarot,Ğ•Ğ»ĞµĞ½Ğ°ğŸŒ™ĞŸÑ€Ğ°ĞºÑ‚Ğ¸ĞºÑƒÑÑ‰Ğ¸Ğ¹ Ñ‚Ğ°Ñ€Ğ¾Ğ»Ğ¾Ğ³,"1,542",20.1K,1,False,January 2021,
aileenchats,Aileen Chatterjee,409,"9,940","2,538",False,December 2013,
aileneaidaa,ğ€ğˆğ‹ğ„ğğ„,322,45.6K,190,False,July 2012,
aiillene,Ailene Barnabas,0,690,247,True,March 2017,3
__.e.n.e.l.i.a._11,Êšâš˜É AILENE EKKA,30,978,433,True,June 2018,4
ailene.llado,Ailene LLado,358,14K,"2,497",False,May 2012,1
by.kaii_09,Ai Lene,2,117,62,False,May 2024,1
ailey__17,Ailey,204,246,1,False,March 2024,1
ailey.official,Aastha,36,77,1,False,August 2024,
aileypreet,Ailey Preet,690,344K,60,False,August 2016,
ailey_flora,Ailey Flora,126,5,13,False,July 2024,
daniel.ailey,AileyFitness,50,16.6K,340,False,June 2020,
aileen_tarot,Ğ•Ğ»ĞµĞ½Ğ°ğŸŒ™ĞŸÑ€Ğ°ĞºÑ‚Ğ¸ĞºÑƒÑÑ‰Ğ¸Ğ¹ Ñ‚Ğ°Ñ€Ğ¾Ğ»Ğ¾Ğ³,"1,542",20.1K,1,False,January 2021,
_lifewith._.aileen,Aileen,34,17.8K,196,False,December 2023,
aileeonline,á„‹á…¦á„‹á…µá†¯á„…á…µ,674,1.5M,446,False,September 2011,
ailetvdizi,Aile Dizi,"1,470",251K,47,False,July 2022,
ailitakashyap_,Ailita Kashyap,"1,150",44.7K,422,False,December 2020,3
ailina671,ĞĞ»ÑŒĞ±Ğ¸Ğ½Ğ° Ğ”ĞµĞ²ĞµĞ²Ñ‹Ğµ,33,877,7,False,July 2021,
ailina_dhingan,Ailina dhinganğŸ’ğŸª½,57,"3,956",82,False,January 2021,
ailinalain,Ailin,269,"2,644",119,True,November 2016,
ailinagolden,Ailina Golden,85,100,91,True,January 2024,
its_ailina_,janudi458,230,197,45,True,April 2023,
amg_ailyn,ailyn GonzÃ¡lez.,7,"1,237",103,True,August 2019,1
theonly_ailynn,Ailyn Dasig,343,970,406,False,February 2018,7
ailyngarzaaa,AILYN GARZA,129,64.1K,"1,598",False,April 2013,2
ailynqc_,Ailyn,16,30.7K,924,False,October 2023,1
ailynlyn16,Ailyn Lyn,67,470,14,False,August 2024,
aimenhussaiin,Aimen Mouzamil Hussain,400,118K,164,False,March 2021,
aiatmeta,AI at Meta,0,38.8K,4,False,July 2023,2
aimeleondore,AimeÌ Leon Dore,"1,399",1.4M,,False,June 2013,
_.aimee.in4k._,Aimee,0,516,250,True,August 2021,8
aimeebaruahofficial,Aimee Baruah,"2,146",899K,88,False,August 2018,1
aimeethomas__,,11,"3,224",638,False,October 2019,4
aimeegarcia4realz,Aimee G,701,2.1M,383,False,July 2013,
_.aimee.in4k._,Aimee,0,516,250,True,August 2021,8
aimeebaruahofficial,Aimee Baruah,"2,146",899K,88,False,August 2018,1
aimee005g,ğŸ¤ ğ‘¨ğ’Šğ’ğ’†Ìğ’†,69,433K,141,False,October 2019,
aimilltd,Aimil Ltd,"1,363",773,86,False,October 2016,
aimilvets.life,AIMIL Vets Life,415,898,53,False,June 2021,
aimilhealthcare,Aimil Healthcare,"1,701",43.6K,8,False,December 2017,
aimilpharmaceuticals,Aimil Pharmaceuticals,261,"1,524",75,False,April 2017,
aimil_pharma.life,AIMIL Pharma Life,668,"9,214",28,False,October 2017,4
ainachawla_,Aina Chawla | Makeup Artist,474,10.9K,979,False,August 2018,2
26__aina,Aina Srivastava,21,434,350,True,April 2018,4
aina_avtr,Ai Model | virtual Influencer,268,81K,7,False,April 2024,1
ainakaree,Aina KarÃ©e,78,"1,415",1,False,July 2023,3
ainaasifofficial,Aina Asif,210,1.8M,87,False,December 2019,3
lahlahden,Aindrea,7,80,82,True,April 2020,2
_aindrea,Aindrea,10,"2,738",932,False,June 2017,
aindreafernandezz,aindrea ğ–¤“,18,801,579,False,June 2018,1
aindrea___,|#FLYHIGHDREA ğŸ’”ğŸ•Š|,13,"1,389",940,False,November 2012,20
ain.dre.a,ï¸ï¸ ï¸ ï¸ğŸ—‘ï¸ğŸŒ,8,136,112,False,September 2018,
onlyainslee,Ainslee,2,854,7,False,June 2024,1
ainsleeforever,Ainslee,11,"4,927",7,False,March 2022,1
ainschiasson,ainslee !!,50,"1,677",945,True,January 2014,1
ainslee_mcalees,Ainslee McAlees,806,13.9K,"1,368",False,June 2016,
ainslee4441,Ainslee,13,637,524,True,September 2023,
_ainsley_____,Â°Â°ğŸ–¤ à¤†à¤‚à¤¨à¥à¤¶à¥€ğŸ–¤Â°Â°,166,10.6K,550,False,August 2021,
ainsley,Ainsley Rodriguez,"3,346",2.4M,"2,167",False,June 2012,
ainsleydurose,a i n s l e y d u r o s e,672,276K,"2,329",False,December 2012,1
ainsleyrt24,Ainsley,9,"8,343",528,False,January 2023,
ainsleyseiger,ainsley,34,56.3K,580,False,February 2018,
green.ainslie,Ainslie Green,46,"2,098","1,477",False,April 2019,
_ainslie,Jordan Ainslie,156,"2,934","1,261",True,May 2012,
georgieainslie,Georgie Ainslie,169,"5,951",548,False,October 2016,
ainsliehampton,ainslie,7,700,755,True,December 2020,
ainsliebullion,Ainslie,"1,497","2,449",29,False,June 2014,
ajay_yxd1,AjayğŸ,40,362,434,False,May 2021,1
ajaydevgn,Ajay Devgn,797,12M,22,False,December 2015,
_ajay.singh02,Ajay Singh Rana,26,355,398,False,March 2022,1
a.jay.raj,Ajay Raj,253,152K,699,False,October 2016,5
ajay.0.1.7,Ajay Baliyan,250,"2,514",248,False,October 2018,1
alainewithcake,AlaineğŸ©µ,225,66.4K,13,False,January 2024,
bl._.forever,Alaine BlXforever,"8,588",24.4K,914,False,October 2019,
alaylays,Alaine Baybayan âš¡,115,141K,855,False,October 2014,
lovelyycheeks,Alaine Cheeks ğŸ¦‹,442,283K,266,False,October 2020,2
alainecheeks,Alaine Cheeks,165,554K,"1,000",False,July 2020,1
alamedaturquesa,ALAMEDA TURQUESA ğŸ¯ğŸŒˆğŸ§œğŸ½â€â™€ï¸ğŸ¨,"4,195",501K,574,False,June 2013,
era_alameda,Era Alameda,13,"1,873",268,False,July 2021,4
alamedamueblescali,Alameda Muebles Cali,759,"4,289",769,False,September 2018,1
piratesalameda,Alameda Pirates Athletics,"1,497",623,79,False,May 2022,2
alameda_brand,Alameda,216,"5,867","3,482",False,March 2020,2
alanachoofficial,Alana Cho,10,577K,427,False,June 2021,1
alanaking95,Alana King,217,39.1K,"1,567",False,May 2012,
alana_tyagi,a l a n ağŸ•·ï¸,142,"9,146",,False,August 2020,11
alana_nicholls,Alana Phillips,373,"1,575","1,730",True,April 2012,
alanalintao,alana lintao ğŸ€âœ¨ğŸ¤,91,398K,780,False,January 2013,5
alanahcole,alanah cole,244,37.8K,"1,369",False,December 2019,
alana.h.j,Alana Johnson,125,"6,051","1,241",False,May 2020,12
charalanahzard,Alanah Pearce,342,614K,934,False,March 2011,
alanahgoddess,Alanah,8,15.5K,67,False,November 2023,1
lanzybear,Alana Hadid,"4,680",703K,"5,845",False,January 2012,
alanequeiiroz0,Alaneï£¿ğŸ¦‹,77,52.6K,"1,986",False,March 2019,4
anushree_alane,anu â¤ï¸,218,190,337,True,July 2022,1
alaneesqtr,Al Anees Qatar,"6,964",62.5K,40,False,June 2015,
alane,Alane Dias,"2,017",4.7M,"3,646",False,September 2014,1
alanenouti,Outi Alanen,"2,951","3,250","3,276",False,September 2017,
alannasworldx,Alanna Pow,172,609K,225,False,July 2024,1
alanna.co.in,ALANNAÂ®| Lipcare,"2,031",27.6K,495,False,May 2015,
alannapow,â™¡alannaâ™¡,466,87.4K,"1,150",False,December 2014,
alannapanday,Alanna Panday,525,2M,541,False,October 2014,
alannaonly,Alannaâ¤ï¸â€ğŸ”¥,447,284K,9,False,August 2024,1
alayne_santos9,,3,"1,996","2,514",False,March 2016,
alaynesoaress,Alayne,185,"8,905","1,399",False,September 2012,
alaynesofia,alayne âœ¿,32,794,541,True,July 2013,
alayne.hh,Alayne,6,779,227,False,April 2024,7
alayne.alcantara,Alayne ğŸ¦„â˜€ï¸,165,"4,694","2,209",False,June 2013,1
alberto_dobre,Alberto Dobre,816,112K,85,False,December 2015,
alberteinstein,Albert Einstein,"2,454",1.8M,636,False,March 2015,
alberta_ucp,United Conservative Party of Alberta,"1,013",11.8K,89,False,July 2017,
chomismaterialgirl,Araya Alberta Hargate,"13,571",11.6M,"1,309",False,May 2011,
albert_iceman,Albert AÌlvarez,18,276K,967,False,January 2015,
sociedade.albertinense,Sociedade Esp Rec Albertinense,211,"1,744",273,False,January 2022,1
florentina.167,Albertina florentina,39,"1,414",135,False,October 2022,1
albertina_doodles,Albertina van der Sluijs,262,"1,345",322,False,August 2015,1
albertina_py,albertina,"2,196",76.1K,382,False,January 2017,
albertina_paes,Albertina PÃ£es,643,16.3K,"2,143",False,November 2019,
albertinechoraria,Albertine,434,"5,613","5,625",True,April 2015,4
viv_albertine,Viv Albertine,10,"2,912",,False,November 2012,
albertine_gtn,albertine,82,211,311,True,February 2022,
sociedade.albertinense,Sociedade Esp Rec Albertinense,211,"1,744",273,False,January 2022,1
albertine_2g,Albertine de Galbert,862,"3,938","4,356",True,October 2014,
miss_albina_baby,ll_ALBINA_ll,52,"3,963",202,False,April 2024,1
albinadylacouture,Albina Dyla Couture,317,89.5K,9,False,January 2021,1
albina.benn,Albina Sulieva,33,"1,240",29,False,May 2024,
ne.albion,Alâ€™bina ğŸ¥·ğŸ¼,7,"4,366",32,False,November 2024,
iam.comalba_23,ALBINA,7,116,404,False,October 2020,2
aleciaamaayx,Alecia,44,"4,828",556,False,April 2021,
aleciaimwunderland,Alecia âš¡,58,"2,499",980,False,May 2020,4
alecia._17,u found me.,10,"6,035",478,False,September 2019,2
a_le_ci_aaa_muah,,12,"1,668",33,True,January 2024,3
alecialovee,alecia. ğŸ–¤,66,"5,642","1,590",False,March 2012,
alexa_bliss_wwe_,Lexi Cabrera,"3,394",6.1M,534,False,April 2012,
alexandr_cherepovich,ĞĞ»ĞµĞºÑĞ°Ğ½Ğ´Ñ€ Ğ§ĞµÑ€ĞµĞ¿Ğ¾Ğ²Ğ¸Ñ‡,"6,206",873K,50,False,March 2013,
alexas.morgan,Alexas Morgan,103,5.5M,"3,221",False,July 2016,
alexandradaddario,alexandra daddario,"2,088",23.5M,800,False,August 2012,
alexademie,,22,11.2M,388,False,July 2011,
aleece.demascio,Aleece Taylor DeMascio ğŸ†ğŸ©·,15,"1,398",443,False,December 2018,
aleece.ward,Aleece ward,52,"1,816","1,544",False,May 2016,
aleece_oakes_,Aleece,11,898,507,False,September 2020,
aleece_50,ğŸ¼Ø´ÛŒÙØ§,54,"1,264",146,False,July 2020,2
logan.aleece,Logan Schlensker,29,"1,524","1,028",False,June 2017,1
tf_aleecia,Aleecia Dass,1,76,91,True,February 2023,3
aleeciachristine,ğŸ€AleeciağŸ€,308,"3,820",198,True,November 2012,
aleeciajoness,aleecia ğŸ¸ğŸ«’,10,"1,438",728,False,September 2013,
aleeci.a,aleecia,1,757,567,True,November 2019,
aleecia.michelle,Alee,114,"5,077","1,388",False,October 2014,
aleena_rais_insta,Aleena Rais,826,1.3M,431,False,October 2014,
aleena._.11_,ğ–†ğ–‘ğ–Šğ–Šğ–“ğ–†,0,88,47,True,October 2020,2
a.c0303,B.H AleenğŸ‡®ğŸ‡³,4,"1,912",890,False,November 2015,
supathallen_,Allen Supath,94,663,136,False,April 2023,6
aleen,Aleen Dreksler,515,37.9K,"1,806",False,July 2011,
alejandra.thewarning,Alejandra Villarreal,19,643K,248,False,February 2021,
alejadelgadillo,ALEJANDRA DELGADILLO SALAZAR,"1,120",380K,"2,546",False,February 2013,
garnacho7,Alejandro Garnacho,112,12M,497,False,April 2015,
anxiouslyalej,Alejandra Maria,463,193K,82,False,August 2022,
annel_90,Anel Alejandra Rodriguez,390,1.7M,753,False,November 2013,
alejandrinadgz,Alejandrina,299,"9,241","2,158",False,November 2013,
alejandrinaguzmann_,Alejandrina Guzman,48,"2,799","1,567",True,July 2013,2
ale.jandrina._,Ale,95,321,277,False,June 2015,
alejandrina.san.martino,Alejandrina San Martino,"3,673","3,934","2,623",False,November 2014,
aurerivero22,Aurelia Alejandrina ğŸ¦‚â™ï¸,28,"1,091",796,False,September 2014,6
alenaokkk,ĞĞ›ĞĞĞ ĞĞš|| ĞĞœĞ‘ĞĞ¡Ğ¡ĞĞ”ĞĞ  Ğ¢Ğ’ĞĞ˜Ğ¥ Ğ¢Ğ ĞĞĞ¡Ğ¤ĞĞ ĞœĞĞ¦Ğ˜Ğ™,"2,451",20.7K,198,False,September 2016,2
kosh_alena_25,Alena,580,257K,10,False,August 2023,
alena,Alena Gerber,"1,391",854K,268,False,December 2013,1
aly_lyona,ĞĞ»Ñ‘Ğ½Ğ°ğŸ›¸,35,478,267,False,May 2014,
amberalena._,Amber Alena,78,650K,,False,December 2018,1
koka_alenezi,Kadooyaa,0,482,72,False,March 2021,1
alenezifhd,fahad alzaid alenezi,79,64.4K,541,False,June 2016,
m.alenezi99,Mohammad Alenezi,99,165K,"1,313",False,November 2012,
alene.wspamz,,6,92,345,True,August 2024,
alenedsouza,Alene Dsouza,141,"3,415",731,False,September 2013,
alessandraa77,ğŸŒ¸ Alessandra,161,67.6K,457,False,May 2013,
__alessandra4_,Alessandra ğŸ˜½,3,37.6K,253,False,June 2024,1
alessandra,Alessandra Prado,"1,956",1.4M,995,False,March 2013,
alessandratorresani,Alessandra Torresani,"3,345",158K,620,False,April 2011,
alessandraxox0,Alessandra Cruz,233,138K,356,False,February 2013,4
aleta_ezlin,Aleta Ezlin ğŸ¦‹,949,54.7K,341,False,September 2020,
aleta.usa,Aleta Couture,686,"4,938",84,False,July 2023,
aleta_quin2,Aletasialetong,13,"4,764","1,029",False,December 2022,3
prerna_sondhi_hr02,ALETA ğŸ’¯ğŸ”¥,16,345,309,False,January 2023,5
aleta.activewear,Aleta,542,"5,131",38,False,October 2021,
alethea_lyngdoh,Alethea Kordor Lyngdoh,441,"1,432",903,True,December 2014,1
barachoalethea,Alethea Baracho,424,"1,247","1,293",True,March 2019,
eeeeemmss,Alethea Emma Sawian Pakyntein,34,"8,916",969,False,December 2015,1
alethea__lady__,Muneera Iqbal,"1,455","8,066",854,False,May 2020,2
shopalethea,ALETHEA,527,10.8K,94,False,November 2020,
alexa_bliss_wwe_,Lexi Cabrera,"3,394",6.1M,534,False,April 2012,
alex_eubank15,Alex Eubank,"1,029",2.6M,675,False,June 2015,
alex_mucci,ALEX MUCCI,333,9.2M,935,False,June 2012,
alexandradaddario,alexandra daddario,"2,088",23.5M,800,False,August 2012,
alexademie,,22,11.2M,388,False,July 2011,
alexa_bliss_wwe_,Lexi Cabrera,"3,394",6.1M,534,False,April 2012,
alexander_noel_janam,Noel Alexander â€¢ JANAM,783,561K,"1,859",False,October 2014,5
alexas.morgan,Alexas Morgan,103,5.5M,"3,221",False,July 2016,
alexandradaddario,alexandra daddario,"2,088",23.5M,800,False,August 2012,
alexademie,,22,11.2M,388,False,July 2011,
alexandrasaintmleux,Alexandra Malena Saint Mleux,102,1.5M,926,False,April 2014,4
lexi_marvel,alexandra rae,488,2M,216,False,June 2021,
missbotez,Alexandra Botez,105,859K,714,False,June 2016,
alexandraespinoza597,Alexandra Espinoza,34,25.6K,26,False,December 2021,
alexandradaddario,alexandra daddario,"2,088",23.5M,800,False,August 2012,
soimu.alexandrina,Alexandrina Soimu,7,"1,431",188,False,January 2018,
alexandrina_gn,Gafian Alexandrina,19,23.6K,50,False,December 2018,1
alexandrinadress,Alexandrina,"2,471",56.7K,380,False,February 2017,3
alexandrinaaa20,Alexandrina_ğŸ’›,2,"2,104",933,False,January 2015,7
alexandrinawithx,Alexandrina,21,987,137,False,July 2017,
alexisfawxlive,Alexis FawxÂ®ï¸,"2,295",3M,"1,468",False,February 2017,
aleximichael,Alexi Michael,572,247K,"2,010",False,April 2015,
laurenalexis_x,Lauren Alexis,406,2M,530,False,April 2017,
444highvibrations,Alexie Gigi,251,87.2K,111,False,December 2019,
alexilaiho.official,ğ“ğ“µğ“®ğ”ğ“² ğ“›ğ“ªğ“²ğ“±ğ“¸ (ğŸ™ğŸ¡ğŸŸğŸ¡-ğŸšğŸ˜ğŸšğŸ˜),46,82.4K,52,False,May 2016,14
alexia.11fan,ğ€ğ¥ğğ±ğ¢ğš ğ©ğ®ğ­ğğ¥ğ¥ğšğ¬,98,672,275,False,November 2024,2
alexiaputellas,Alexia Putellas,"1,138",3.3M,737,False,July 2012,1
alexia,Alexia Bonatsos,"1,784",18.1K,"3,669",False,October 2010,
alexiaeatsboba,AlexiağŸ§‹,191,150K,175,False,December 2023,
itsalexiagracex,Alexia Grace,96,49.4K,20,False,March 2023,2
alexina.jayne,Alexina Jayne âœ¨,1,467,493,True,May 2016,
__.alexina__,ğŸ¼_Alexina_ğŸ¼,94,"5,685",535,False,October 2020,4
alexina_home_maker,S.DebBarman,"2,287",969,1,False,February 2018,5
alexinadoironn,Alexina,16,813,830,True,August 2016,
alexinagraham,Alexina Graham,"2,671",712K,737,False,August 2011,
alexin5e_heritage,Alexine Heritage,11,71,441,False,April 2024,4
boulangeriealexine,ALEXINE,52,"3,120",231,False,January 2019,
aleexinel,ALEXINE,69,456,643,False,September 2013,
queennnsuge,Alexine,5,"2,458","1,159",False,January 2016,10
alexine_martens,ğ“ğ“µğ“®ğ”ğ“²ğ“·ğ“®,4,686,522,False,April 2019,
alexisfawxlive,Alexis FawxÂ®ï¸,"2,295",3M,"1,468",False,February 2017,
alexmuccireels,Alexis,144,144K,33,False,August 2024,
laurenalexis_x,Lauren Alexis,406,2M,530,False,April 2017,
alex_isak,Alexander Isak,137,1.1M,317,False,February 2012,
alexisrael,Alex Israel,963,117K,"2,888",False,November 2011,
alfiecinematic,Alfred Liebl,457,1M,110,False,April 2015,
alfiecooks,ALFIE STEINER,650,4.9M,"4,402",False,March 2019,2
alfieeallen,Alfie Allen,"1,182",832K,"1,534",False,May 2011,
alfie_best,Alfie Best,291,191K,760,False,July 2014,
alfiegetshard,Alfie Robertson,144,353K,515,False,August 2023,1
alfred_f4n,,17,18.5K,693,False,March 2023,47
alfred_ov_fans,Alfred_ov_fans,39,26.5K,92,False,September 2021,13
alfredajdarevic,Alfred Ajdarevic,25,"2,353",787,False,March 2014,
alfred,ALFRED,60,145K,5,False,October 2012,
_the_funky_b_o_y_,alfred ov,34,"1,664",4,False,December 2024,4
alizehshahofficial,,25,4.3M,434,False,May 2017,
alishajandsalar2402,alishajandsalar2402,0,53,61,True,June 2023,
alicasmd,Alica Ğ…chmidt | Olympian,865,5.6M,442,False,August 2013,
a_little_of_everyday,Parvati,11,164,109,False,January 2025,
sabooraly,Saboor Ali Ansari,991,5.1M,762,False,June 2013,
alia,Alastair (Ali-A),812,2.1M,542,False,January 2013,
aliaabhatt,Alia Bhatt ğŸ’›,"2,138",86.2M,520,False,November 2012,
kiaraaliaadvani,KIARA,"1,647",35.5M,579,False,May 2013,
alirezabeyranvand.official,Alireza Beyranvand,214,4.4M,514,False,October 2014,
alishajandsalar2402,alishajandsalar2402,0,53,61,True,June 2023,
aliciasouza,Alicia Souza,"6,846",413K,"1,037",False,July 2011,
alicia_takhellambam_,ğ‘¨ğ’ğ’Šğ’„ğ’† â˜½,26,593,488,True,August 2018,
aliciabrannback,Alicia BraÌˆnnback,434,95.4K,573,False,January 2018,
aliciaagneson,Alicia Agneson,481,437K,592,False,March 2012,
alicasmd,Alica Ğ…chmidt | Olympian,865,5.6M,442,False,August 2013,
alicia_takhellambam_,ğ‘¨ğ’ğ’Šğ’„ğ’† â˜½,26,593,488,True,August 2018,
alice_delish,Alice Delish | Alisa Levina,219,1.4M,384,False,November 2019,
alice,Alice Matos,"3,485",1.5M,614,False,March 2012,
alicekaushikofficial,Alice Kaushik (AK),"1,116",593K,"2,422",False,December 2012,1
alice_jtt,Alice,530,"6,870",75,False,June 2014,
melt_with_alice,Alice Adorable,391,177K,121,False,March 2023,
aliceardelean,Alice Ardelean,"1,365",690K,894,False,July 2013,
aliceandolivia,alice + olivia by StaceyBendet,"6,928",1.5M,"2,624",False,July 2011,
alice_depaul,Alice Depaul,924,46.2K,206,False,August 2017,2
alicekaushikofficial,Alice Kaushik (AK),"1,116",593K,"2,422",False,December 2012,1
aliciasouza,Alicia Souza,"6,846",413K,"1,037",False,July 2011,
alicia_takhellambam_,ğ‘¨ğ’ğ’Šğ’„ğ’† â˜½,26,593,488,True,August 2018,
pudgyintern6,Alicia,35,13,6,False,July 2024,1
alicia_kaur,Alicia Kaur,265,58.7K,"2,157",False,April 2012,
alicia,Alicia Zubikowski,312,30.6K,"1,398",False,May 2014,1
__._.ally,Alida Vincent,292,"5,165",839,False,July 2016,8
alidaaa97,Alida P,228,"1,492","1,092",False,March 2020,3
alidawah,Ali Dawah,"3,319",326K,472,False,July 2013,
alidakanthe,ALIDA JOHANNA ğŸª¶,91,"3,303",521,False,January 2012,
alida_s_mukundan_,Alida S Mukundan,67,"7,359","1,879",False,March 2018,
aliciasouza,Alicia Souza,"6,846",413K,"1,037",False,July 2011,
alicia_takhellambam_,ğ‘¨ğ’ğ’Šğ’„ğ’† â˜½,26,593,488,True,August 2018,
aliciabrannback,Alicia BraÌˆnnback,434,95.4K,573,False,January 2018,
alicia.ontanilla,Alicia,"2,048",127K,205,False,October 2016,
aliciaagneson,Alicia Agneson,481,437K,592,False,March 2012,
eleena_chauhan55,Alina Chouhan(Eleena chauhan),972,297K,218,False,February 2017,1
japp_leack,Alina Becker,627,1.4M,337,False,June 2017,
alinaamiirr,Alina Amir,228,511K,225,False,April 2014,
alinaxros,Alina rose,114,40K,2,False,October 2024,1
alinarai07,Alina Rai,336,1M,257,False,November 2015,
aline.sarakbiiii,,346,"2,347",5,False,September 2024,
baby.aline.sarakbi,Aline SarakbiğŸ¥,170,"3,116",11,False,October 2024,
aline_sarakbii2023,Aline,269,181K,90,False,October 2020,2
aline_sarakbii,Mou Alsarakbi,885,1.6M,793,False,September 2022,3
aline_sarakbi,Ù…ØµØ·ÙÙ‰ Ø§Ù„Ø³Ø±Ø§Ù‚Ø¨ÙŠ,439,428K,2,False,February 2024,
mealishaparveen,Alisha Parveen,610,404K,546,False,September 2016,8
thakur_alisa_rana,Alisa_ThakurğŸ’¥,4,335,292,True,June 2021,1
_allison_fiona_,Fiona Allison,"1,205",2.1M,65,False,August 2020,
_.alishahussain._,Alisha Hussain,2,448,253,False,July 2021,3
alishajandsalar2402,alishajandsalar2402,0,53,61,True,June 2023,
thakur_alisa_rana,Alisa_ThakurğŸ’¥,4,335,292,True,June 2021,1
alisa_khan9134,â™¡â™¡Alisha Khanâ™¡â™¡,250,17.5K,12,False,July 2022,
alisaa.50,alisağŸ‡¦ğŸ‡±,76,67.7K,138,False,July 2023,4
alisaaa_jenny,Portrait ğŸ’ƒ,"2,226",109K,10,False,August 2020,2
alisapikapika,Alisa Bishop,324,440K,219,False,December 2021,1
shabir_ali_4,.S H A B I R .,1,74,54,True,December 2021,3
alishanawar,Ali Shanawar,603,702K,5,False,January 2013,
_.alishahussain._,Alisha Hussain,2,448,253,False,July 2021,3
alishajandsalar2402,alishajandsalar2402,0,53,61,True,June 2023,
ali.shah.fp,ğŸ‘‘SHAH GğŸ‘‘,76,485,2,False,June 2024,8
alison_doody,Alison Doody,325,54K,637,False,April 2017,
alison.kvaran,Alison,92,96.2K,4,False,October 2024,
alisonsemenza,Alison Semenza,171,101K,75,False,May 2021,
alisonbrie,Alison Brie,"1,076",1.5M,917,False,March 2017,
alison_tyler_42,Alison Tyler,699,59.8K,287,False,December 2022,
alissanguyen_,Alissa Nguyen Formerly Gaming Foodie,"1,133",1.5M,424,False,January 2019,1
alissah4_,ğ’œğ“ğ’¾ğ“ˆğ“ˆğ‘œğ“ƒ ğ’¶ğ“…ğ‘œğ“ğ‘œ,18,18.5K,280,False,September 2020,
garay.alissa,Alissa Garay,133,36.1K,25,False,July 2024,
alissaviolet,Alissa Violet,427,12.3M,642,False,July 2012,
alissaplzz,ğ€ğ‹ğˆğ’ğ’ğ€ ğŸŒº,105,62.8K,488,False,October 2019,
a_l_i_s_u_n_,Alisun Alisun,17,119,54,True,April 2024,6
alisun143,Itz Alisun,65,556,39,False,September 2023,
alisun._,alison à±¨à§,3,560,601,True,June 2019,
ali.sun.787,alisun,24,"1,537",910,False,October 2024,
123456ansari225,Alisun ğŸ¥°ğŸ¥° jaan,20,233,389,False,November 2023,1
alexcosta,ALEX COSTA,"1,766",2M,796,False,April 2012,
alix_earle,Alix Ashley Earle,553,3.9M,906,False,March 2012,
alexandradaddario,alexandra daddario,"2,088",23.5M,800,False,August 2012,
alexademie,,22,11.2M,388,False,July 2011,
alixystories,Camille Despres,"1,908",98.8K,"4,046",False,April 2019,
aliza__dc,Alizadc786,144,677,,False,November 2023,2
bulbulepunjabalizasehar,Bulbul E Punjab Aliza Sehar,743,389K,,False,December 2020,7
aliza_abaya_store,Aliza Abaya Storee,486,175K,119,False,December 2020,3
wahajedits,ğ‘¨ğ’ğ’Šğ’›ğ’‚â™¡,"1,031",35.1K,425,False,August 2022,
aliza_gayakwar_,Neha gautam,83,"1,812",152,False,November 2020,
allamotalla,ALLA MOT ALLA,197,"9,811",172,False,April 2021,1
allari_naresh,Allari Naresh,137,311K,615,False,September 2014,
allaboutshammmm,ShambhaviğŸŒ¸,32,146,32,False,February 2024,
alla,Alla Kostromichova,"1,849",871K,"1,191",False,September 2012,1
all_about_psychologyy,Psychology India,469,58.2K,"1,550",False,July 2020,
allensollyindia,Allen Solly,"3,718",464K,27,False,June 2013,
allen_choudhary,Allen Choudhary,"1,331",1.3M,269,False,February 2015,
allen_career_institute,Allen Career Institute,"6,015",311K,63,False,August 2013,
allen_renjialun_gc,weiboï¼šä»»å˜‰ä¼¦Allen,227,713K,74,False,February 2014,4
supathallen_,Allen Supath,94,663,136,False,April 2023,6
allegrasiliotto,Allegra,118,"3,368",888,True,May 2014,
allegrabignotti,al,45,60K,"1,199",True,December 2015,
allegra_weddings,Allegra Weddings,247,10.4K,788,False,September 2017,1
alllegra_001,Allegra_001,340,256,94,False,March 2024,2
allegrapaul,allegra,248,"4,108",938,False,October 2012,
alleneaglesfb,Allen Eagle Football,833,"2,667",146,False,December 2022,
alleneaglecheer,AllenEagleCheer,294,"1,927",281,False,September 2019,
ethan_allen_elementary_ggusd,Ethan B Allen Elementary School,117,501,64,False,January 2024,1
billslegacy,Josh Allen Enthusiast,"3,318",26.3K,"5,419",False,July 2017,
allencarrseasyway,Allen Carr's Easyway,"1,542","8,584",61,False,September 2015,
aliaabhatt,Alia Bhatt ğŸ’›,"2,138",86.2M,520,False,November 2012,
_allison_fiona_,Fiona Allison,"1,205",2.1M,65,False,August 2020,
kiaraaliaadvani,KIARA,"1,647",35.5M,579,False,May 2013,
alirezabeyranvand.official,Alireza Beyranvand,214,4.4M,514,False,October 2014,
alishajandsalar2402,alishajandsalar2402,0,53,61,True,June 2023,
alclianzora,Allianora,20,44,422,False,May 2019,1
a5llianora,Allianora,25,83,237,False,April 2024,1
animexex1989,allianora,0,17,142,False,July 2016,
allianora_.pbgildas,Allianora_.pbGildas,0,4,6,False,April 2021,
allianoranyercax,Allianora Nyer,0,,1,False,April 2013,
allieschnacky,allie schnacky ğŸ’“,422,859K,887,False,June 2012,
allie_dunn,Allie Dunn ğŸ¤,760,668K,"2,203",False,December 2011,
onlyallieoops,Allie Oops,396,466K,21,False,July 2016,1
alliie.oops,Allie ğŸ’•,182,68.8K,2,False,February 2024,1
alliesharmaofficial,Allie,307,10.7K,"1,451",False,September 2019,
allinallweddigs,Allinallweddings,"1,058",163K,123,False,November 2021,
preetysameerkohlii,ALLINA,"2,129",11.4K,978,False,November 2016,1
allina.214_,miss__bebo,"6,406",634K,1,False,August 2023,6
allina144__,allinağŸ‘,437,12.4K,7,False,May 2024,4
allinarosee,Alina Rose,72,156K,116,False,October 2020,2
allissashin,ALLISSA,139,461K,244,False,November 2018,
_allison_fiona_,Fiona Allison,"1,205",2.1M,65,False,August 2020,
allison.yellow,ğŸ’›Allison é»„ğŸ’›,887,632K,"2,052",False,August 2012,
_allison_fiona10,allison fiona,173,"7,338",165,False,July 2023,1
alliseeisgold,Jordan Burroughs,"2,256",950K,641,False,December 2011,
_allison_fiona_,Fiona Allison,"1,205",2.1M,65,False,August 2020,
allison,Allison Hsu,130,74.4K,870,False,July 2011,
allison.yellow,ğŸ’›Allison é»„ğŸ’›,887,632K,"2,052",False,August 2012,
allison__williams,Allison Williams,437,40.8K,691,False,March 2012,1
_allison_fiona10,allison fiona,173,"7,338",165,False,July 2023,1
allissashin,ALLISSA,139,461K,244,False,November 2018,
garay.alissa,Alissa Garay,133,36.2K,25,False,July 2024,
alissaviolet,Alissa Violet,427,12.3M,642,False,July 2012,
alissaplzz,ğ€ğ‹ğˆğ’ğ’ğ€ ğŸŒº,105,62.8K,488,False,October 2019,
kaled_alissa,Ø®Ø§Ù„Ø¯ Ø¨Ù† Ø³Ù„ÙŠÙ…Ø§Ù† Ø¢Ù„ Ø¹ÙÙŠÙ‘Ø³Ù‰ | kaled Al issa,360,"2,329",82,False,September 2019,1
allsunshinensunburns,âœ¨ Aishichchha Duttaâœ¨,26,395,671,True,October 2021,1
_allsun__,ë‹¤í•´,15,180,199,True,September 2018,
allpunjabrisingsun,All Punjab Rising Sun,190,182,78,False,August 2023,
allsunenergy,Allsun Energy,88,"1,049",,False,November 2023,
allsunday_gwangan,ì˜¬ì„ ë°ì´ ê´‘ì•ˆ ì§ì˜ì  / ê´‘ì•ˆë¦¬ ì¹´í˜ / ìˆ˜ì˜êµ¬ ì¹´í˜,59,"2,078",4,False,March 2023,
etern_allyme,Muskan Parashar,129,"2,818",971,False,November 2021,2
ally,Ally,438,58.5K,75,False,March 2012,
a_healy,Alyssa Healy,702,228K,433,False,August 2011,
riyaz.14,Riyaz Aly,"1,843",27.5M,431,False,October 2015,
alygoni,ğ“£ğ“±ğ“® ğ“ğ“µğ”‚ ğ“–ğ“¸ğ“·ğ“²,"2,178",6.2M,523,False,August 2013,
allycefabreu,Allyce Abreu,36,470,575,False,May 2018,3
meloallyce,Allyce Melo,73,82.3K,"1,155",False,February 2017,
allyce_vieira,Allyce AraÃºjo,65,"5,966","1,445",False,July 2014,2
allyce_lope,ğ“ğ“µğ“µğ”‚ğ“¬ğ“®,68,"1,624","1,345",False,March 2022,
ally_ii01,ğ“ğ“µğ“µğ”‚ğ“¬ğ“® â£,11,"1,328",121,False,October 2019,
the_pandra,ğŸ¼ Allyn Pierce ğŸ¼,313,75.8K,"1,806",False,March 2017,
allynitibhon,ACHIRAYA,286,1.8M,,False,April 2015,
allyneedsuu,Alisha,56,88.6K,685,False,October 2022,3
lexin_focus,Allyna Shakeel,46,829,29,False,November 2024,
tia_tjhawks,Allyn Tonia,499,697,590,True,January 2016,
allysalort,Ally Salort,109,146K,"1,001",False,May 2014,
a_healy,Alyssa Healy,702,228K,433,False,August 2011,
,,,,,True,,
alyssachesson,ğ”¸ğ•ğ•ªğ•¤ğ•¤ğ•’ â„‚ğ•™ğ•–ğ•¤ğ•¤ğ• ğ•Ÿ ğŸ§¿,827,43.5K,"1,866",False,September 2012,
livinwithhlyss,ALYSSA MARIE,443,32.6K,393,False,February 2012,
allyson.aiko,AIKO,19,"1,301",410,False,January 2014,1
allysonreyes01,Allyson Reyes,9,11.9K,154,False,October 2019,8
allyson.wilson_art,Allyson Wilson ğŸŒ¸ Illustrator + Designer,506,15.9K,972,False,April 2020,
allysonnburdett,allyson,50,"3,343",728,False,December 2015,
allysonfelix,Allyson Felix,"1,787",1.1M,"1,214",False,March 2011,1
almarai,Ø§Ù„Ù…Ø±Ø§Ø¹ÙŠ-Almarai,"5,626",758K,,False,November 2013,
wilky.almaty,WILKY â€” Ğ¼Ğ°Ğ³Ğ°Ğ·Ğ¸Ğ½ Ğ¶ĞµĞ½ÑĞºĞ¾Ğ¹ Ğ¾Ğ´ĞµĞ¶Ğ´Ñ‹,871,202K,3,False,July 2023,1
alma_hussein28,Almaa,512,208K,472,False,December 2017,
almazarzaok,Alma ZarzağŸ¤ğŸ§ğŸ¼ğŸ¹,276,27.9K,583,False,October 2019,
almaterzic1,Alma Terzic SaracÌ§ogÌ†lu,312,61.9K,403,False,October 2016,2
__almeda__2245,almeda Xavier,1,,,False,October 2024,
almedahida,Almeda,39,376,780,True,December 2014,
almeda92,Almeda Sayisman,732,675K,357,False,June 2012,
ivy.almeda,Ivy Almeda,128,282,441,True,December 2021,
almedabaylan,Almeda Baylan,8,166K,79,False,June 2023,2
resucitadoalmeria,"Hdad del Resucitado, AlmerÃ­a.",626,"2,264",49,False,May 2019,2
casa_almeria,Casa Almeria,771,49.2K,9,False,February 2022,
udalmeria,UD AlmeriÌa,"14,570",3.1M,1,False,February 2015,
esnalmeria,Erasmus Student Network Almeria,350,"4,500",324,False,November 2014,
activaclub_almeria,Activaclub AlmerÃ­a,"5,022","5,198","2,565",False,September 2015,
almetaaa_,ğ‘¨ğ’ğ’ğ’‚,4,"1,116",382,False,November 2021,3
almeta_fdes,almeta,32,"1,177",718,True,February 2017,
falmeta_bates,Almeta Bates,20,123,517,False,March 2024,2
alme_arackal,almetağŸ,20,620,677,True,October 2017,
lule_natyrale_almeta,ğŸŒ²ğŸŒ³ğŸŒ´ğŸŒ¿Garden FlowersğŸŒ±ğŸŒ·ğŸŒ¹âš˜ğŸ’,"1,470",10.3K,"1,457",False,January 2016,2
almirah.luxegallery,Almirah Gallery,220,"6,685",18,False,March 2023,
almirah.couture,ALMIRAH COUTURE â„¢ | Ethinic | Party wear | Velvet suits,"1,330",51.9K,36,False,May 2022,
thepinkalmirah,The Pink Almirah,"15,352",1M,161,False,October 2018,
almrtngcoo,almira tengco,22,71.7K,402,False,October 2020,
almira_nailartists,A L M I R A N A I L ğŸ«¶ğŸ»âœ¨,86,448,5,False,May 2021,2
0921almira,Almira Pascasio,402,478,210,False,April 2013,
almirah.luxegallery,Almirah Gallery,220,"6,685",18,False,March 2023,
thepinkalmirah,The Pink Almirah,"15,352",1M,161,False,October 2018,
almirah.couture,ALMIRAH COUTURE â„¢ | Ethinic | Party wear | Velvet suits,"1,330",51.9K,36,False,May 2022,
almiresanjes,Almir Esanjes ğŸ¥,261,34.3K,"7,465",False,July 2013,
aloisevirtual,Aloise,545,13.4K,68,False,September 2017,3
luisa.aloise,Luli,107,"2,080","1,088",False,November 2021,
araujoaloise,Aloise AraÃºjo,23,697,"1,203",False,May 2015,
___aloise,AloÃ¯se Ciglar,104,"1,118",853,False,March 2013,
aloisebolivar,Aloise by Gucli,299,12.3K,"1,364",False,July 2022,
aloisiap,Aloisia Pimentel | Enfermeira,520,"3,937",817,False,April 2015,
aloisiadenardis_,Aloisia de Nardis,75,"1,645",995,False,March 2016,2
alois_i_a,Aloisia,31,49,273,False,August 2020,2
a.l.o.i.s.i.a,Aloisia Leopardi,239,"2,563","1,743",False,October 2013,
aloisia_siv,aloisia,3,67,175,False,January 2025,
aloysia.dsa,Aloysia Agnes,69,15.1K,"4,530",False,October 2016,1
aloysian._memes,Systumm Yadav ğŸƒâ€â™‚ï¸,13,462,,False,November 2022,8
aloysian_dance_league,ADL,96,510,18,False,March 2021,
aloysia.carneiro,,6,"1,522",634,False,September 2024,1
aloy_sia,Aloysia Fernandes,202,891,943,False,May 2015,
also.alpa,ğ€ğ¥ğ©ğš â™¡,94,"3,607","1,901",False,December 2023,1
alpha.rehan_,REHANğŸ¦…,412,63.8K,85,False,August 2015,2
a_l_p_h_a_s_a_g_n_i_k,Sagnik Laskar,309,15.2K,781,False,October 2014,3
alpha_beta_gamma6932,Dhiraj,25,356,560,False,April 2018,2
alphamindset05,Alpha Mindset,382,429K,47,False,August 2022,1
altamash_malik2023,Altamash Malik,"1,053",56.5K,325,False,January 2015,1
altamashhh_aly,âš¡ï¸á´€ÊŸá´›á´€á´á´€êœ±Êœ á´€ÊŸÊâš¡ï¸,154,159K,130,False,December 2018,
wajahat_altaf_56,Wajahat Altaf,28,"1,016",441,False,March 2018,8
mr_altamas__500,Altamas,896,1.6M,32,False,October 2020,
altaf_vlogs_,Altaf Vlogs,"1,089",444K,754,False,June 2018,2
altheamaecabase,Althea Mae Cabase,361,219K,8,False,September 2020,
althea_acuestas,Althea Cuestas,209,36K,177,False,April 2016,1
4evereya,Althea,2,599,304,False,December 2024,
altheabridals,Althea Bridal & Bespoke,"2,164",67.2K,"2,073",False,December 2014,2
altheavbl,Althea,77,92.1K,410,False,September 2017,2
juliaanalvarez,JULIÃN ALVAREZğŸ•·,502,16.9M,644,False,January 2014,
danielaalvareztv,Daniela Alvarez,"3,630",4.7M,"4,670",False,November 2012,
criseldalvarez,criselda alvarez,83,1.8M,1,False,March 2015,
ealvarezfight,Eddie Alvarez,"1,381",389K,"1,947",False,May 2013,
monicaalvarez03,MOÌNICA ALVAREZ,623,436K,304,False,February 2013,
